X Coordinate,Y Coordinate,Measured Depth (m),Deviation (True/False),Surface-Casing Weight (kg/m),Production-Casing Size (mm),Production-Casing Weight (kg/m),Bore. Temp. (degC),Prod. Formation,Porosity (fraction),Permeability (Darcy),OIL Prod. (e3m3/month)
352.6,372,2145.8,FALSE,,114.3,,53,Shale-Sand,0.224,12.25,108.75
435.7,551,1638,TRUE,25.3,114.3,17.3,,Sand,0.118,4.11,0.33
37.7,788,3984,TRUE,35.7,114.3,22.5,,Shale,0.121,1.99,21.87
346.7,311,3809,TRUE,41.7,114.3,17.3,,Sand,0.17,5.84,46.3
254.6,727,2335,TRUE,53.6,,,32,Sand,0.158,5.25,17.53
127.5,1125,1560.6,FALSE,,177.8,,63,Shale,0,0.1,0
636.9,462,713,TRUE,48.1,177.8,25.3,27,Shale,0.128,0.7,0
556.2,441,761,FALSE,35.7,139.7,20.8,28,Sand,0.055,0.36,0
572,521,587,FALSE,25.3,114.3,14.1,15,Shale,0.033,0.46,0
587.7,724,1563,TRUE,96.7,,,32,Sand,0.224,9.95,83.34
366.2,385,1801,FALSE,35.7,139.7,25.3,52,Shale-Sand,0.147,3.15,5.8
424.9,641,640.1,FALSE,,114.3,,25,Shale,0.3,18.64,313.74
586.2,331,888.8,FALSE,,139.7,,27,Shale,0.069,0.65,5.61
640.6,392,854,FALSE,,139.7,,31,Sand,0.143,2.68,0
648.7,275,920,FALSE,35.7,139.7,20.8,30,Shale,0.104,0.38,0
348.5,450,1097.3,FALSE,,114.3,,39,Sand,0.206,3.23,0.46
591.4,604,487,FALSE,48.1,177.8,25.3,21,Shale,0.214,6.72,34.71
515.5,540,705,FALSE,,114.3,,28,Shale,0.099,0.88,0
512.6,122,1377,FALSE,35.7,139.7,20.8,34,Shale-Sand,0,1.29,0
31.5,774,1995,FALSE,35.7,139.7,23.1,67,Shale,0.024,0.41,0
420.3,594,840,FALSE,35.7,139.7,20.8,37,Shale,0.175,5.75,9.99
102.1,712,2750,TRUE,35.7,139.7,25.3,80,Shale,0.249,13.52,123.1
339.5,466,2622,TRUE,48,,,,Sand,0.084,1.35,0
491.8,539,751,FALSE,,114.3,,255,Shale,0.082,1.43,0.39
189.3,449,4050,TRUE,101.2,,,105,Shale,0.155,2.48,2.18
551.5,221,868.7,FALSE,,139.7,,29,Shale,0.33,29.03,1056.55
448.5,541,959.5,FALSE,,177.8,,,Sand,0.134,0.93,0
396.8,492,1622.5,FALSE,,177.8,,52,Sand,0.129,0.45,0
610.2,138,818,FALSE,35.7,114.3,14.1,31,Shale,0.13,2.4,7.96
533,520,777,TRUE,25.3,114.3,17.3,30,Shale,0.151,2.41,0
291.4,452,2403,FALSE,29.7,114.3,17.3,,Shale,0.174,1.13,21.84
517.7,176,1045.5,FALSE,,139.7,,31,Shale,0.026,0.43,0
351.2,704,1661.2,FALSE,,177.8,,54,Sand,0.214,4.18,67.84
593.5,531,645.3,FALSE,,177.8,,,Sand,0.165,2.41,21.02
211.2,730,2410,TRUE,53.6,139.7,25.3,73,Sand,0.055,1.85,0
172.2,568,2879,TRUE,35.7,114.3,22.5,91,Shale,0.244,3.51,142.66
67.3,865,1134,FALSE,35.7,139.7,25.3,25,Sand,0.205,7.71,74.71
312.4,471,1537,TRUE,41.6,139.7,23.1,,Shale-Sand,0.18,0.94,1.67
593.5,465,684,FALSE,48.1,177.8,29.8,29,Sand,0.109,2.64,0.05
587.5,514,781,TRUE,48.1,177.8,34.2,27,Sand,0.066,0.58,0
463.7,238,1515,FALSE,,114.3,,41,Shale,0.162,4.97,9.39
160.4,790,1890,TRUE,53.6,139.7,25.3,56,Shale,0.128,2.55,0
556.3,414,1097,TRUE,25.3,114.3,14.1,,Shale,0.019,0.71,0
607.7,458,689.3,FALSE,,177.8,,27,Shale,0.254,3.74,83.09
418.9,584,930,FALSE,,114.3,,35,Shale,0.082,1.8,0.12
518.2,63,1028,FALSE,35.7,139.7,20.8,33,Shale-Sand,0.146,3.39,6.74
390.5,467,1890.4,FALSE,,177.8,,56,Sand,0.082,0.78,0
340.3,466,1000,FALSE,,88.9,,35,Sand,0.129,2.87,18.97
508.7,45,917.8,FALSE,,177.8,,,Shale-Sand,0.019,0.48,0
637.8,256,908,FALSE,35.7,139.7,20.8,27,Sand,0.251,23.05,1116.6
556.4,447,802,TRUE,35.7,139.7,20.8,28,Sand,0.223,2.85,30.17
417,722,607,FALSE,35.7,139.7,20.8,31,Shale,0.125,7.06,3.5
482.7,508,985,FALSE,,114.3,,37,Shale,0.247,4.47,70.36
613.4,529,763,TRUE,48.1,177.8,34.2,27,Sand,0.141,2.11,24.92
460,209,1382,FALSE,35.7,114.3,14.1,35,Shale,0.104,4.32,0
399.8,506,1585,FALSE,,,,55,Sand,0.184,2.54,18.56
337.6,314,2715.8,FALSE,,139.7,,70,Shale-Sand,0.267,8.77,72.1
538.9,418,853.4,FALSE,,139.7,,29,Shale,0.348,60.71,2041.67
205.8,497,2344.5,TRUE,35.7,114.3,17.3,70,Shale,0.186,11.57,45.7
615,353,847.3,FALSE,,114.3,,36,Shale,0.196,1.42,0
588.3,540,421.2,FALSE,,139.7,,18,Shale,0.111,3.09,0
597.2,740,415,TRUE,25.3,114.3,14.1,20,Shale,0.152,3.87,12.76
43.5,772,2036,TRUE,35.7,139.7,25.3,,Shale-Sand,0.168,5.89,23.05
573.7,138,937,FALSE,,114.3,,32,Shale,0.097,1.4,0
363.8,571,1140,FALSE,35.7,139.7,20.8,34,Shale-Sand,0.185,6.88,33.02
333,381,1842.5,FALSE,,114.3,,49,Shale,0.048,1.61,0
431.7,548,1554,TRUE,25.3,114.3,17.3,,Shale,0.04,0.49,0
446.3,233,1507,FALSE,35.7,139.7,20.8,36,Sand,0.116,1.99,0
596.1,515,744,TRUE,53.6,177.8,34.2,10,Sand,0.195,2.48,74.99
430,620,671,FALSE,25.3,114.3,14.1,34,Shale,0.035,0.49,0
589.8,500,719.5,TRUE,48.1,177.8,29.8,25,Shale,0.027,0.42,0
330.4,456,2723,FALSE,48.1,177.8,38.7,69,Shale,0.179,7.21,99.02
501.6,129,1012.2,FALSE,,139.7,,31,Shale,0.255,1.72,21.03
100.8,1076,1882,FALSE,,,,77,Sand,0.09,0.8,0
582,797,1923,TRUE,81.1,,,,Sand,0.165,1.78,10.56
619.1,389,919,TRUE,35.7,139.7,20.8,29,Shale-Sand,0.159,2.57,5.8
106,805,1967.8,TRUE,,139.7,,52,Shale,0.13,3.26,37.38
617.9,595,423,FALSE,,139.7,,19,Shale,0.196,12.23,31.71
420.4,326,1690,FALSE,,114.3,,58,Shale,0.155,2.19,0
603.8,523,470,TRUE,48.1,177.8,38.7,30,Sand,0.115,1.53,0.01
493.7,415,1110.4,FALSE,,114.3,,39,Shale,0.078,0.68,0
518.6,184,2073,TRUE,48.1,,,,Sand,0.187,2.02,1.29
643.1,455,704,FALSE,35.7,139.7,20.8,26,Shale,0.116,1.09,0.58
550,215,516,FALSE,25.3,114.3,14.1,,Shale,0.084,1.17,0
513.9,193,1507,TRUE,35.7,139.7,20.8,33,Shale,0.129,1.36,0
275.9,474,1813.6,FALSE,,114.3,,46,Shale-Sand,0.206,8.42,247.98
556.1,136,967,FALSE,35.7,139.7,20.8,31,Shale-Sand,0.155,0.94,0.05
341.7,315,2636.5,FALSE,,139.7,,57,Shale,0.085,2.08,0
594.6,516,692,TRUE,48.1,177.8,29.8,,Shale-Sand,0.129,0.93,0
491.7,86,1040,TRUE,35.7,139.7,20.8,34,Shale-Sand,0.24,17.43,216.1
132,1104,276,FALSE,25.3,114.3,14.1,25,Shale,0.142,1.16,0
539.3,187,490.7,FALSE,,114.3,,22,Shale,0.086,3.12,0
589.3,596,436,FALSE,48.1,177.8,25.3,18,Sand,0.166,11.82,17.42
609.8,586,411.5,FALSE,,177.8,,24,Shale-Sand,0.258,5.67,39.81
412.3,356,2027,FALSE,,139.7,,61,Shale,0.142,5.27,10.55
491.4,88,1042,TRUE,35.7,139.7,20.8,32,Shale-Sand,0.29,10.08,100.01
610.8,629,1077,TRUE,,219.1,53.6,,Sand,0.153,2.96,0.02
443.6,661,592.8,FALSE,,114.3,,20,Shale,0.109,2.56,0
585.1,494,652,FALSE,,177.8,,,Shale,0.126,2.75,13.74
542.7,156,995.2,FALSE,,219.1,,34,Shale,0.2,2.88,23.08
586.3,514,768,TRUE,53.6,177.8,34.2,22,Sand,0.253,4.65,29.94
583.8,603,1219,TRUE,62.5,,,,Shale-Sand,0.192,2.67,7.31
572.6,210,954,FALSE,35.7,114.3,14.1,32,Shale,0.142,4.45,29.77
592.6,531,750,FALSE,,177.8,,,Shale-Sand,0.016,0.94,0
496.2,120,1062.8,FALSE,,139.7,,33,Shale,0.097,0.56,0
631.2,583,343.2,FALSE,56.5,,,,Sand,0.168,3.19,19.23
612.7,591,385.5,TRUE,48.1,177.8,29.8,25,Shale-Sand,0.117,3.76,0
524.8,217,2486,TRUE,29.7,114.3,17.2,,Sand,0.214,6.12,38.41
625.2,590,457.2,FALSE,,114.3,,21,Shale,0.099,0.91,0
231.6,602,4519,TRUE,101.2,,,108,Shale,0.059,1.21,0
436.9,328,498,FALSE,25.3,114.3,14.1,,Shale,0.156,1.72,3.89
344.4,261,3930,TRUE,48,,,81,Sand,0.213,4.23,33.09
613.6,620,485,TRUE,,177.8,34.2,22,Sand,0,0.11,0
607.4,585,538,TRUE,,177.8,,,Sand,0.23,7.88,8.46
310.3,841,1447,FALSE,48.1,114.3,15.6,26,Sand,0.113,1.73,0
589.7,427,704.7,FALSE,,114.3,,25,Sand,0.18,18.12,5.12
396.4,493,1959.9,FALSE,,177.8,,49,Shale,0.088,1.31,0
569.7,606,694,TRUE,48.1,177.8,34.2,,Sand,0.15,0.49,0.39
585,604,1415,TRUE,62.5,,,,Sand,0.117,1.76,0
582,797,1480,TRUE,81.1,,,,Sand,0.191,0.89,35.66
535,617,524.5,FALSE,29.8,114.3,14.1,23,Shale,0.091,1.28,0
567.2,480,2015,TRUE,62.5,,,,Sand,0.286,13.35,443.69
331.3,403,2370,FALSE,53.6,139.7,25.3,75,Shale,0.231,3.39,10.64
450.3,536,979,FALSE,,177.8,,31,Sand,0.111,1.03,12
345.7,191,1900.1,FALSE,,168.3,,,Shale,0.119,0.46,0
553,447,966.2,FALSE,,139.7,,33,Shale,0.118,0.95,0
533.4,105,892,FALSE,35.7,139.7,20.8,33,Sand,0.135,12.23,37.84
598.5,153,619,FALSE,,114.3,10.8,,Shale,0.115,3.23,7.09
529.8,229,1042,FALSE,35.7,139.7,20.8,34,Sand,0.185,0.92,0
395.6,217,1134,FALSE,25.3,114.3,14.1,,Shale,0.19,4.13,12.09
403.8,542,1363,FALSE,35.7,139.7,23.1,40,Shale,0.123,1.55,0.03
498.9,59,1010,FALSE,53.6,139.7,20.8,26,Shale-Sand,0.1,0.66,0
530.7,502,760.8,FALSE,,114.3,,27,Shale,0.327,75.06,1494
372.2,385,1943,FALSE,35.7,139.7,23.1,60,Shale,0.13,5.76,13.98
551,99,895,TRUE,35.7,139.7,20.8,30,Sand,0.103,2.11,0
311.6,457,1481.3,FALSE,,139.7,,,Shale-Sand,0.217,16.26,154.01
628.9,463,1662.5,TRUE,62.5,,,,Shale-Sand,0.175,3.34,10.14
638.4,332,2346,TRUE,25.3,114.3,17.3,,Sand,0.136,4.81,29.21
605.3,526,773,TRUE,53.6,177.8,34.2,30,Shale,0.067,0.24,0
556.6,483,755,FALSE,,114.3,,30,Shale,0.112,3.84,3.23
591.2,598,682,TRUE,25.3,177.8,25.3,26,Shale-Sand,0.014,0.11,0
591.7,542,755,TRUE,53.6,177.8,34.2,,Sand,0,0.15,0
294.7,845,1606,TRUE,35.7,139.7,23.1,38,Shale,0.09,1.58,0
481,504,915,FALSE,25.3,114.3,14.1,30,Shale,0.049,0.57,0.22
472.2,247,1324,FALSE,25.3,114.3,14.1,,Shale,0.236,4.41,60.15
510.6,376,1141,FALSE,35.7,139.7,20.8,34,Shale,0.13,1.42,0
643.9,384,845,TRUE,35.7,139.7,20.8,34,Shale,0.161,2.07,0
365.4,671,1688,FALSE,,114.3,,56,Sand,0.22,10.32,80.91
355.7,698,1635.6,FALSE,,114.3,,,Shale,0.152,4.4,62.96
495.4,415,1061,FALSE,,114.3,,39,Shale,0.188,0.86,0.05
537.3,141,1015,TRUE,29.8,114.3,14.1,27,Shale,0.111,0.63,0
149.7,860,938,FALSE,35.7,114.3,14.1,26,Shale,0.268,9.92,974.14
450.8,529,1005,TRUE,35.7,139.7,20.8,35,Shale,0.162,2.39,0.59
644.8,468,710,FALSE,,177.8,,28,Shale,0.223,9.54,216.32
448.4,538,975.7,FALSE,,177.8,,,Sand,0.033,0.8,0
392,640,842.5,FALSE,,114.3,,22,Shale,0.194,5.44,6.38
509.6,145,1061,FALSE,,114.3,,31,Shale-Sand,0.138,1.46,0
163.2,549,3213,TRUE,35.7,114.3,17.3,,Shale,0.208,38.72,90.2
589.8,521,955,TRUE,53.6,177.8,34.2,15,Shale,0,1.15,0
216.2,586,2000,FALSE,,114.3,,59,Shale,0.042,0.48,0
376.1,374,1888,FALSE,35.7,,,,Shale,0.212,6.5,194.91
598.6,596,579,TRUE,48.1,177.8,25.3,28,Shale-Sand,0.21,17.19,138.64
551,327,1356.4,FALSE,,114.3,,49,Shale-Sand,0.288,36.03,976.55
564.1,160,507,FALSE,,114.3,,,Shale,0.154,2.83,0
88.5,736,1787.7,FALSE,,139.7,,61,Shale,0.101,7.98,24.63
387.2,420,2278.4,FALSE,,114.3,,67,Shale,0.139,2.66,8.04
503.4,94,1059.5,TRUE,,139.7,,37,Sand,0.17,1.72,1.19
348.5,373,2237.2,FALSE,,114.3,,53,Sand,0.124,1.77,0
394.4,585,1000.7,FALSE,,114.3,,36,Shale,0.094,2,0.04
578.6,388,898.6,FALSE,,114.3,,34,Shale,0.143,3.67,0
392.4,317,806,FALSE,25.3,114.3,14.3,,Shale,0.017,0.55,0
154.8,1170,1578,TRUE,35.7,114.3,17.3,,Shale,0.135,1.15,0
626.4,575,524,FALSE,25.3,114.3,14.1,21,Shale,0.109,1.08,0
205.8,492,2390,TRUE,35.7,114.3,17.3,73,Shale,0.084,0.76,0.37
609.1,330,1676.5,TRUE,25.3,114.3,17.3,,Sand,0.153,4.83,0
551.5,101,916,TRUE,35.7,139.7,20.8,36,Shale-Sand,0.061,1.86,0
451.2,317,434.9,FALSE,25.3,114.3,14.1,,Shale,0.247,2.2,98.21
547.7,357,1115,TRUE,35.7,114.3,14.1,35,Shale,0.037,1.15,0
600.1,536,555,TRUE,48.1,177.8,34.2,26,Sand,0.144,3.34,12.77
353.8,333,2078,FALSE,,139.7,,51,Shale,0.058,2.84,0
571.1,391,915.3,FALSE,,114.3,,37,Shale,0.142,1.78,0
242.7,460,2062,FALSE,53.6,139.7,23.1,50,Sand,0.142,10.54,10.91
617.9,586,960,TRUE,62.7,,,,Shale,0.28,76.7,830.55
397.3,485,1600.5,FALSE,,177.8,,47,Sand,0.082,0.91,0
614.7,129,516.3,FALSE,,114.3,,21,Shale,0.259,2.66,60.37
140.3,1136,1470,FALSE,53.6,139.7,23.1,54,Shale-Sand,0.066,0.47,0
594.7,524,641,FALSE,,177.8,,28,Shale-Sand,0.105,1.14,0
332,601,1200,FALSE,35.7,139.7,23.1,100,Shale,0.23,11.4,47.94
307.9,390,2055,FALSE,35.7,139.7,23.1,54,Shale,0.202,2.48,47.67
445.1,552,1002.5,FALSE,,139.7,,31,Sand,0.186,8.57,33.1
404.1,104,2220,TRUE,35.7,139.7,34.2,,Shale,0.042,0.64,0
420.9,365,1883.7,FALSE,,139.7,,53,Sand,0.063,1.01,0
131.4,1145,1569.1,TRUE,,177.8,,64,Sand,0.134,1.85,1.81
305.8,450,1688.6,FALSE,,114.3,,57,Sand,0.063,1.06,0
556.4,346,1025,FALSE,,114.3,,33,Shale,0.219,13.73,108.16
435,786,2984,TRUE,,,,,Sand,0.133,2.65,1.5
580.6,597,633,TRUE,48.1,177.8,29.8,20,Shale-Sand,0.138,6.76,22.01
267,539,1986,FALSE,48.1,139.7,23.1,59,Shale,0.175,24.45,37.14
98.6,963,755,FALSE,53.6,177.8,25.3,30,Shale,0.085,1.09,8.74
534.8,506,670.6,FALSE,,114.3,,29,Shale,0.25,4.65,61.74
635.9,466,804.7,TRUE,53.6,177.8,34.2,,Shale,0.001,0.29,0
183.7,541,2286,FALSE,48.1,177.8,38.7,72,Shale,0.256,13.45,74.3
209.2,580,2128,FALSE,35.7,139.7,23.1,78,Shale,0.187,3.86,45.13
373.1,909,1329,FALSE,48.1,114.3,14.1,31,Shale-Sand,0,0.13,0
89.6,970,2289,FALSE,53.6,177.8,38.7,74,Sand,0.129,0.6,0
297,344,2685,FALSE,,177.8,38.7,67,Shale-Sand,0.046,2.97,4.67
399,505,1557.2,FALSE,,177.8,,51,Sand,0.13,5.13,18.26
575.4,606,688,TRUE,48.1,177.8,25.3,18,Sand,0.214,1.21,6.34
171.5,820,2531,TRUE,53.6,,,,Sand,0.035,0.27,0
582.8,602,475,FALSE,48.1,177.8,25.3,28,Shale-Sand,0.111,0.34,0
169.7,792,1830,FALSE,35.7,139.7,25.3,55,Sand,0.15,4.48,5.83
388.5,639,832.1,FALSE,,139.7,,26,Shale,0,0.48,0
12.3,694,3260.2,TRUE,35.7,139.7,25.3,,Shale,0.083,0.82,0
424.1,312,1665,FALSE,,139.7,,52,Shale,0.083,1.77,0
421.3,358,1910,FALSE,35.7,139.7,25.3,53,Sand,0.214,1.66,0.91
287.6,578,1636,TRUE,,114.3,17.3,,Shale,0.255,13.01,180.69
535.2,206,678,FALSE,,114.3,,25,Shale,0.026,0.65,0
376.3,158,2617.5,TRUE,35.7,139.7,25.3,59,Shale,0.063,0.92,0
144.9,1146,1569.7,FALSE,,177.8,,58,Shale,0.134,2.47,0
638.3,181,487,FALSE,25.3,114.3,14.1,,Shale,0.167,3.45,12.1
406.9,207,1842,FALSE,35.7,139.7,23.1,45,Shale,0.109,1.93,0.24
537.6,149,1026,TRUE,35.7,139.7,20.8,33,Shale,0.118,0.51,0
609.8,586,411.5,FALSE,,177.8,,24,Shale-Sand,0.041,1.32,0
602.5,549,555,TRUE,,177.8,34.2,25,Shale-Sand,0.105,2.49,8.65
283,411,3042,FALSE,53.6,,,96,Shale,0.12,1.29,0.14
303.5,452,1652.6,FALSE,,114.3,,,Shale-Sand,0.174,4.5,0
100.6,1076,1905,TRUE,59.5,,,88,Sand,0.134,1.86,0.01
200.6,609,2644,TRUE,53.6,177.8,38.7,,Sand,0.131,0.79,0
247.1,540,2205,FALSE,,177.8,,65,Shale,0.244,3.31,1.66
510.9,143,1064,FALSE,,139.7,,29,Sand,0.142,1.61,0
339.9,419,2171,FALSE,35.7,139.7,23.1,67,Shale,0.044,1.24,0
472.7,525,880,FALSE,35.7,114.3,14.1,32,Shale,0.097,1.77,0
394.4,483,1622.8,FALSE,,177.8,,53,Sand,0.176,3.34,46
399.2,502,1556,FALSE,,177.8,,53,Sand,0.016,1.9,0
609.4,132,603,TRUE,25.3,114.3,14.1,,Shale,0.02,1.53,0
524.6,174,481.3,FALSE,,,,21,Shale,0.302,73.7,2046.83
618.3,612,1328,TRUE,81.1,,,,Sand,0.025,0.28,0
362.4,373,2131.5,FALSE,,139.7,,56,Shale,0.126,2.23,0
193.8,512,4277,TRUE,53.6,,,,Shale,0.058,0.79,0
320.1,374,2615,FALSE,,139.7,,,Shale,0.145,2.8,0
351.2,535,1712.4,FALSE,,139.7,,59,Sand,0.094,0.8,0
593.1,518,710,TRUE,53.6,177.8,34.2,34,Shale-Sand,0.1,2.3,0
605,448,659.9,FALSE,,177.8,,29,Shale-Sand,0.209,5.22,18.79
343.7,546,1354,FALSE,,139.7,,47,Shale,0.15,5.5,13.82
361.2,375,2631,TRUE,53.6,139,25.3,66,Shale,0.123,2.46,23.06
398.3,439,1575,FALSE,35.7,139.7,20.8,52,Shale,0.15,2.85,72.45
363.4,410,1928,FALSE,,139.7,,54,Shale,0.165,3.62,22.01
207.9,590,3367,TRUE,53.6,177.8,43.2,88,Shale,0.118,9.04,29.9
556.2,441,757,FALSE,35.7,139.7,20.8,28,Shale,0.083,4.36,0.51
85.9,869,2345.4,FALSE,,139.7,,73,Shale,0.115,0.92,7.14
490.9,574,607.2,FALSE,35.7,139.7,20.8,29,Shale,0.18,6.71,98.39
439.7,543,2362,TRUE,25.3,114.3,17.3,,Shale-Sand,0.188,21.76,198.9
618.8,588,615,TRUE,48.1,177.8,29.7,15,Shale,0.147,2.66,47.47
133.5,1078,1661.2,FALSE,,114.3,,66,Sand,0.239,5.64,53.36
28.4,780,1640,TRUE,35.7,139.7,23.1,,Shale,0.066,1.24,0
356.5,375,1924,FALSE,35.7,139.7,23.1,47,Shale-Sand,0.059,1.12,0
628.9,476,620.3,FALSE,,177.8,,28,Shale-Sand,0.255,26.22,62.35
608.5,489,605,FALSE,48.1,177.8,25.3,24,Shale,0.035,0.86,0
316.9,270,2572,TRUE,35.7,139.7,25.3,68,Shale,0.238,17.48,139.05
580.2,719,1507,TRUE,96.7,,,,Sand,0.103,4.97,0.69
422,361,1874.5,FALSE,,114.3,,59,Shale-Sand,0.081,1.43,0
115.3,717,3292,FALSE,,177.8,,85,Shale,0.151,1.67,0.13
574.5,615,741,TRUE,48.1,177.8,25.3,24,Shale,0.119,0.47,0
460.3,253,1457,FALSE,,114.3,,39,Shale-Sand,0.146,2.17,8.34
547.1,161,678,FALSE,,114.3,14.1,31,Shale,0.178,2.17,0.85
102.4,1092,2147.3,FALSE,,177.8,,,Shale,0.163,8.42,70.54
533.5,178,1049,FALSE,35.7,139.7,20.8,31,Sand,0.237,5.86,110.91
613.6,458,875.5,TRUE,35.7,139.7,20.8,29,Shale,0.02,0.53,0
489.5,73,1071,FALSE,35.7,114.3,14.1,36,Shale,0.22,2.79,53.46
609.1,329,1779,TRUE,25.3,114.3,17.3,,Sand,0.097,1.74,21.84
512.7,525,663,FALSE,25.3,114.3,14.1,25,Shale,0.133,1.6,0.03
292.4,466,1720.6,FALSE,,139.7,,46,Sand,0.201,9.93,32.94
593.9,472,600,FALSE,48.1,177.8,29.8,23,Sand,0.182,3,13.04
179.8,628,5066,TRUE,53.6,,,,Shale,0.114,3.23,0
319.4,329,2491,FALSE,,139.7,,140,Shale,0.045,0.44,0
313.5,266,3067,TRUE,53.6,139.7,25.3,68,Shale,0.278,4.55,314.14
125,1091,2034.8,TRUE,,177.8,,82,Sand,0.192,10.31,17.7
534.8,393,932.7,FALSE,,139.7,,29,Sand,0.294,13.37,216.66
445.9,548,969.9,FALSE,,177.8,,44,Sand,0.115,3.99,7.61
314,472,1466.1,FALSE,,139.7,,39,Shale-Sand,0.097,5.07,42.66
527.7,442,910,FALSE,,114.3,,38,Shale,0.249,45.85,198.76
622.4,521,620,TRUE,53.6,177.8,34.2,21,Sand,0.162,1.05,0.02
86.5,813,1220,FALSE,35.7,139.7,25.3,40,Shale,0.213,9.71,17.37
118.4,1135,1600.7,FALSE,53.6,,,54,Shale,0.045,0.63,0
598.2,513,621,TRUE,48.1,177.8,29.8,25,Sand,0,0.07,0
481.8,283,1441,FALSE,35.7,114.3,14.1,42,Shale,0.08,0.86,0.05
398,481,1629.5,FALSE,,139.7,,,Sand,0.006,0.98,0
54.8,783,1830,FALSE,35.7,139.7,23.1,48,Shale-Sand,0.123,3.49,0.63
450.5,544,999.4,FALSE,,177.8,,31,Sand,0.134,0.91,5.92
580.4,598,613,TRUE,48.1,177.8,29.8,25,Sand,0.261,12.29,72.5
636.1,408,1531,TRUE,48,,,,Shale,0.107,2.57,0
609.5,673,522,FALSE,25.3,114.3,17.3,25,Shale,0.15,4.25,6.38
496.8,577,617.2,FALSE,,114.3,,27,Shale,0.086,2.04,2.8
104.3,961,2264.1,FALSE,,139.7,,64,Shale,0.208,3.51,12.79
540.4,237,1051.3,FALSE,,114.3,,33,Shale,0.029,0.39,0
275.4,625,1430,FALSE,35.7,114.3,14.1,43,Shale-Sand,0.152,2.56,21.22
617.7,615,659,TRUE,,114.3,,,Sand,0.287,10.19,182.26
551.2,131,946,FALSE,35.7,139.7,20.8,30,Shale-Sand,0.013,2.63,0
566.3,486,701,FALSE,,114.3,,26,Shale,0.083,0.84,0
357.2,306,3700,TRUE,48,,,,Sand,0.123,5.59,0
326.7,249,2707.2,TRUE,,177.8,,72,Shale,0.08,0.35,0.01
582.4,603,497.7,TRUE,53.6,177.8,34.2,25,Shale-Sand,0.188,4.23,4.37
642.8,382,1330,TRUE,48.1,,,,Sand,0.2,8.27,70.54
418.9,307,608,FALSE,25.3,114.3,14.1,,Shale,0.219,55.58,313.62
77.7,772,1641,FALSE,35.7,139.7,25.3,56,Sand,0,0.13,0
608,524,649,TRUE,48.1,177.8,34.2,21,Shale-Sand,0.192,5.62,33.14
645.2,418,698,FALSE,,139.7,,24,Sand,0.176,0.82,0
353.4,880,1394,FALSE,48.1,177.8,29.8,,Shale-Sand,0.135,2.41,29.7
444.2,549,1000.3,FALSE,,177.8,,32,Sand,0.087,1.34,0
597.2,595,577,TRUE,53.6,177.8,34.3,25,Shale-Sand,0.083,2.18,0
575.9,599,660,TRUE,53.6,177.8,34.2,25,Shale-Sand,0.198,5.18,69.61
614.9,587,570,TRUE,53.6,177.8,34.2,20,Sand,0.23,5.9,100.22
30.7,739,2521,FALSE,53.6,139.7,23.1,68,Shale,0.126,3.69,7.17
194.5,513,2259,TRUE,41.6,114.3,20.1,62,Shale,0.099,1.97,10.53
104.4,1166,1919.5,FALSE,53.6,,,80,Shale,0.106,0.7,0
26.3,684,2692.5,TRUE,35.7,139.7,25.3,81,Shale,0.156,3.59,26.96
595.1,527,628,FALSE,53.6,177.8,34.2,25,Shale-Sand,0.118,2.11,10.54
174.7,525,4089,TRUE,53.6,114.3,20.1,,Shale,0.19,10.34,24.84
447.8,545,978.4,FALSE,,177.8,,,Sand,0.035,5.42,0
469.9,491,1063.8,FALSE,,139.7,,36,Shale,0.192,2.11,35.79
589.7,798,1585,TRUE,81.1,,,,Sand,0.095,1.05,0
369.6,360,877,FALSE,25.3,114.3,14.1,24,Shale,0.192,9.1,1.67
378.1,680,626,FALSE,25.3,114.3,14.1,28,Shale,0.087,2.16,0.16
88.9,1090,2192.1,TRUE,,177.8,,82,Sand,0.131,4.23,13.01
105.2,1078,1925,FALSE,,,,77,Sand,0.014,0.79,0
368.4,464,1705,FALSE,35.7,139.7,20.8,55,Shale,0.113,3.52,0.21
296.7,842,1551,TRUE,53.6,177.8,34.2,37,Sand,0.202,20.71,24.95
120.7,1086,1640,FALSE,53.6,177.8,34.2,,Sand,0.218,10.07,69.49
477.9,423,1156,FALSE,,114.3,,36,Shale,0.237,7.87,52.71
469.5,113,1180,TRUE,35.7,139.7,20.8,25,Shale-Sand,0.013,0.26,0
185.1,675,2590.2,TRUE,,139.7,,76,Sand,0.138,1.49,2.61
110.2,677,5116,TRUE,35.7,139.7,25.3,,Sand,0,0.13,0
639,472,672,FALSE,25.3,,,26,Shale-Sand,0.171,1.01,8.75
525.7,457,841,FALSE,,114.3,,28,Shale,0.208,22.74,86.65
50.1,782,2204,TRUE,48.1,,,,Sand,0.123,0.4,0
640,501,611,TRUE,48.1,177.8,29.8,21,Shale-Sand,0.262,16.38,59.99
591.2,540,545,TRUE,48.1,177.8,29.8,19,Shale-Sand,0.11,6.98,0
595.2,516,641,FALSE,48,177.8,25.3,27,Sand,0.216,11.94,27.46
380.4,682,641,FALSE,35.7,114.3,14.1,26,Shale,0.052,1.04,0
569.7,403,704,FALSE,25.3,114.3,14.1,,Shale,0.287,24.6,553.28
607.6,585,456,TRUE,,177.8,,19,Shale-Sand,0.169,5.13,17.15
425.3,308,1648,TRUE,35.7,139.7,20.8,,Shale,0.209,5.99,37.68
363.5,395,1992,FALSE,41.6,139.7,25.3,55,Shale-Sand,0.159,1.57,0.17
43.9,693,2018,TRUE,35.7,139.7,25.3,60,Shale,0.247,26.79,65.92
369.4,334,2636.5,FALSE,,139.7,,79,Sand,0.174,1.16,18.95
638.3,480,630,FALSE,,177.8,,26,Sand,0.112,16.43,29.75
535.6,393,919.6,FALSE,,177.8,,28,Shale-Sand,0.106,1.13,0
567.8,480,665,FALSE,35.7,139.7,20.8,25,Shale,0.174,4.48,31.56
516,359,1113,FALSE,35.7,139.7,20.8,28,Shale,0.205,5.24,46.38
350.8,704,1678,FALSE,81.1,,,54,Sand,0.135,4.47,10.52
82.5,1029,720,FALSE,25.3,114.3,14.1,,Shale,0,0.33,0
560.6,418,795,FALSE,25.3,114.3,14.1,5,Shale,0.194,6.35,108.13
608.4,618,555,FALSE,25.3,114.3,14.1,27,Shale,0.188,11.56,27.86
216.5,616,1815,FALSE,35.7,139.7,23.1,56,Shale,0.192,2.17,0
509,433,965,FALSE,,114.3,,35,Shale,0.103,2.62,23.08
597.2,595,487,FALSE,48.1,177.8,25.3,25,Shale,0.159,2.45,35.66
496.5,50,958,FALSE,,139.7,,35,Sand,0.137,2.97,0
510.6,432,975,FALSE,,114.3,,31,Shale,0.181,2.1,0
525.3,97,915,FALSE,35.7,139.7,20.8,31,Sand,0.129,2.22,6.46
593.7,475,492,FALSE,25.3,114.3,14.1,26,Shale,0.105,2.04,0
535.3,437,2045,TRUE,48,,,,Shale,0.176,4.47,27.81
377.3,330,1234.4,FALSE,,114.3,,38,Shale-Sand,0.047,2.17,0
180.1,677,2588.4,FALSE,,139.7,,64,Sand,0.051,1.87,13.73
454.2,363,1357.6,FALSE,,114.3,,,Shale,0.114,2.52,0
611.4,419,648,FALSE,,114.3,,26,Shale,0.041,0.59,0
587.3,514,774,TRUE,53.6,177.8,34.2,15,Sand,0.176,2.05,111.09
146.7,1161,1715.1,TRUE,,139.7,,69,Shale-Sand,0.19,12.93,173.5
574.3,379,951,TRUE,35.7,139.7,20.8,30,Sand,0.192,0.86,30.32
310,780,1750,FALSE,,139.7,,44,Sand,0.061,0.67,0
324.8,467,1449,FALSE,,139.7,,42,Shale-Sand,0.082,1.76,0
329.9,323,3458.3,FALSE,,139.7,,79,Sand,0.204,7.58,19.25
247.8,614,2890,TRUE,53.6,139.7,25.3,,Shale-Sand,0.119,3.51,24.92
536.8,138,2912,TRUE,48.1,,,,Sand,0.081,6.69,9.01
498.3,98,1041,FALSE,,139.7,,27,Sand,0.349,12.51,443.58
510.1,128,1125,FALSE,35.7,139.7,20.8,34,Shale,0.084,3.85,0
81.6,1067,2139.7,TRUE,,177.8,,80,Sand,0.129,3.78,0
110.2,974,705,FALSE,35.7,114.3,14.1,34,Shale,0.261,17.35,194.55
420.1,379,1899.5,FALSE,,139.7,,54,Sand,0.106,1.15,0
404.4,361,1791,FALSE,,114.3,,54,Shale,0.103,1.33,0.6
533.3,386,1037,FALSE,,139.7,,36,Shale,0.1,2.3,0.01
461.2,305,1405,FALSE,,114.3,,50,Shale,0.177,4.91,14.41
434.9,649,579.5,FALSE,25.3,114.3,14.1,25,Shale,0.128,1.05,0
510.5,142,1068,FALSE,,139.7,,31,Shale,0.223,11.66,149.33
540.4,468,777.2,FALSE,,114.3,,32,Shale,0.02,0.63,0
590.8,533,709,TRUE,48.1,177.8,25.3,23,Shale,0.17,21.91,10.18
171.5,537,2284,FALSE,35.7,13.7,25.3,68,Shale,0.105,1.97,21.98
484.4,330,1235,FALSE,35.7,114.3,14.1,35,Shale,0.237,8.55,344.3
277.5,844,1614,TRUE,35.7,139.7,20.8,38,Sand,0.148,1.42,12.71
624.2,606,514,TRUE,53.6,177.8,34.2,17,Sand,0.105,0.44,0
617.2,530,581,TRUE,,139.7,20.8,,Shale-Sand,0.211,9.16,161
349.4,697,1898.3,TRUE,,139.7,,56,Sand,0.207,8.18,80.99
440.2,336,1540,FALSE,35.7,114.3,15.6,52,Shale,0.197,16.33,27.85
635.9,333,2287,TRUE,25.3,114.3,17.3,,Sand,0.22,5.14,93.82
645.9,458,649.2,FALSE,,139.7,,22,Shale,0.136,2.17,5.91
447.4,640,621,FALSE,48.1,177.8,25.3,24,Shale,0.038,0.64,0
549.4,127,626,FALSE,25.3,114.3,14.1,,Shale,0.122,3,8.96
372.6,382,1914,FALSE,35.7,139.7,23.1,46,Shale,0,0.07,0
583,495,686,FALSE,48.1,177.8,29.8,24,Shale,0.224,4.29,16.04
635.9,459,1794,TRUE,62.5,,,,Shale-Sand,0.038,0.24,0
596.4,126,368.8,FALSE,,177.8,,,Shale,0,0.05,0
616.2,503,598,FALSE,25.3,114.3,14.1,24,Shale,0.139,0.69,0
610.9,531,566,TRUE,48.1,177.8,25.3,24,Shale-Sand,0.166,7.53,27.5
383.4,450,2190,FALSE,,177.8,14.1,,Sand,0.215,7.76,45.33
591.3,791,297,FALSE,25.3,114.3,14.1,26,Shale,0.142,13.37,72.26
576.7,185,979.9,FALSE,,139.7,,33,Shale,0.178,2.06,27.36
180.2,543,3976,TRUE,53.6,,,,Shale,0.118,1.15,3.01
56.6,874,2770,TRUE,48.1,,,,Sand,0.155,1.53,0
494.4,49,1020,FALSE,35.7,139.7,23.1,34,Sand,0.127,3.77,5.87
598.8,631,549,TRUE,48.7,177.8,34.2,,Shale-Sand,0.044,1.62,0.01
220.1,475,3105,FALSE,53.6,139.7,25.3,76,Shale,0.14,4.44,0.17
498.3,570,642,FALSE,25.3,114.3,14.1,29,Shale,0.186,4.28,33.11
434.9,320,878.7,FALSE,25.3,114.3,14.1,,Shale,0.142,0.49,0
515.8,377,1100,FALSE,35.7,114.3,14.1,32,Shale-Sand,0.165,3.89,19.05
522,220,564,FALSE,,114.3,,,Shale,0.075,0.57,0
574.2,605,609,TRUE,48.1,177.8,25.3,28,Shale-Sand,0.083,0.62,0
468.5,155,1265,FALSE,,139.7,,37,Shale,0.307,42.7,159.87
229.9,542,2286,FALSE,35.7,114.3,17.2,,Shale,0,0.11,0
644,383,805,FALSE,,139.7,,26,Shale,0,0.23,0
541.1,146,1010.4,FALSE,,139.7,,29,Sand,0.061,0.47,0
91.2,1063,2376.6,TRUE,,,,56,Sand,0.202,3.75,39.74
77.6,971,2537,TRUE,48.1,139.7,25.3,88,Sand,0.129,0.89,0.39
511.6,145,1088,FALSE,,114.3,,32,Sand,0.002,0.11,0
613.9,620,560,TRUE,,177.8,34.2,22,Sand,0.112,4.8,2.93
607.4,585,398,TRUE,,177.8,,19,Shale-Sand,0.114,0.67,0
427,555,1495,TRUE,25.3,114.3,17.3,,Shale-Sand,0,0.1,0
107.7,718,1750,FALSE,35.7,139.7,20.8,,Shale-Sand,0.14,7.83,24.92
412.9,317,1706,FALSE,,114.3,,45,Shale-Sand,0.199,8.1,117.59
590.2,500,650.5,TRUE,48.1,177.8,29.8,20,Shale,0.211,19.17,123.07
535.5,162,994.9,FALSE,,114.3,,26,Sand,0.094,1.62,52.67
558.6,163,1001,FALSE,,139.7,,32,Shale-Sand,0.195,3.41,55.24
283.7,471,1766.3,FALSE,,114.3,,,Shale,0.135,0.73,27.68
331,375,1912.6,FALSE,,114.3,,44,Shale,0.102,1.13,9.02
591,455,724,FALSE,,177.8,,23,Shale,0.245,4.45,12.04
274.8,460,3521,TRUE,53.6,114.3,20.9,12,Shale-Sand,0.136,5.77,16.33
522.3,213,1050,FALSE,35.7,139.7,23.1,35,Shale,0.157,9.48,37.06
29.9,798,797.1,FALSE,,139.7,,8,Shale,0.192,7.42,46.01
406.6,331,1780,FALSE,,139.7,,51,Shale,0.242,12.9,20.26
170.6,543,4286,TRUE,53.6,114.3,20.1,100,Shale,0.179,3.85,0.02
520.3,98,920,FALSE,35.7,139.7,20.8,31,Sand,0.26,11.45,24.92
55.4,751,2005,FALSE,35.7,139.7,23.1,55,Shale-Sand,0.135,0.44,0
593.1,532,642,FALSE,,177.8,,,Sand,0.111,2.24,0.28
487.3,303,625,FALSE,35.7,114.3,14.1,20,Shale,0.045,0.5,0
296.4,839,1558,FALSE,35.7,139.7,20.8,41,Shale,0.106,1.31,12
611.2,528,657,TRUE,48.1,177.8,29.8,19,Shale-Sand,0.022,0.24,0
581.6,85,355.7,FALSE,,114.3,,,Shale,0.087,1.17,0
312.7,457,1470.4,FALSE,,139.7,,42,Sand,0.147,4.78,7.23
589.8,521,957,TRUE,53.6,177.8,34.2,22,Shale,0.087,0.79,0
43.4,701,1320,FALSE,35.7,139.7,20.8,54,Shale,0.143,1.14,0.02
440.8,292,1515,FALSE,35.7,139.7,25.3,45,Shale,0.154,1.36,0
274.3,600,2710,FALSE,53.6,139.7,25.3,79,Sand,0.114,0.94,0
461.9,129,1330,TRUE,35.7,,,33,Shale,0.26,9.47,122.18
592.6,526,661,FALSE,60.3,177.8,34.2,25,Shale-Sand,0.19,4.96,3
312.4,370,2166,FALSE,53.6,,,58,Sand,0.067,2.02,0
459.8,342,1606,FALSE,,177.8,,57,Sand,0.208,7.36,63.16
497.5,103,1012,FALSE,35.7,139.7,20.8,32,Shale,0.075,1.13,0
298.7,674,3065,TRUE,53.6,,,,Sand,0.338,42.45,1760.45
602,593,512,FALSE,25.3,114.3,14.1,23,Shale,0.118,3.23,0
119.6,1085,1646,FALSE,53.6,177.8,34.2,60,Sand,0.168,1.42,5.65
409.1,101,2125,FALSE,41.6,114.3,15.6,42,Shale,0.115,0.9,0
212.8,422,4541,TRUE,59.5,,,,Shale,0.05,2.35,0
311.9,456,1478.9,FALSE,,139.7,,,Sand,0.179,1.89,19.93
606.9,117,894,FALSE,35.7,139.7,20.8,27,Shale-Sand,0.071,0.34,0
479.1,135,1157,FALSE,,114.3,,33,Shale,0.104,0.67,0
559.5,455,1003,TRUE,35.7,139.7,20.8,24,Sand,0.247,12.72,47.53
202.1,504,2275,FALSE,53.6,139.7,25.3,59,Shale,0.184,4.99,75.31
602.6,542,756,TRUE,48.1,177.8,34.2,26,Shale-Sand,0.217,22.9,45.72
60.2,777,1790,FALSE,35.7,139.7,23.1,55,Shale,0.12,0.48,0
530.4,143,1075,FALSE,35.7,139.7,20.8,36,Shale,0.101,8.43,0
553.7,148,1003,FALSE,,139.7,,32,Shale,0.12,2.3,0.05
641.8,331,763,FALSE,25.3,114.3,14.1,,Shale,0.086,0.53,0
205.2,665,1628.3,FALSE,35.7,114.3,17.3,60,Shale,0.235,1.15,13.21
546,157,1005.8,FALSE,,114.3,,32,Shale,0.187,0.66,0
444.8,433,2121.7,FALSE,,219.1,,57,Sand,0.221,7.96,961.91
120.3,1128,1635.6,TRUE,,114.3,,,Shale-Sand,0.107,1.7,0
646.7,350,800.1,FALSE,,139.7,,26,Shale-Sand,0.141,4.88,10.59
604.2,593,508,FALSE,,114.3,,29,Shale,0.238,4.94,53.47
301.3,440,1795,FALSE,,114.3,,51,Shale,0.233,10.16,68.72
392.7,459,1557,TRUE,35.7,139.7,25.3,49,Shale,0.224,9.06,80.9
79.4,736,2140,TRUE,35.7,139.7,25.3,65,Shale,0.105,0.69,0
563.2,551,493.8,FALSE,,114.3,,,Shale,0.15,5.09,5.79
100.4,1075,1925,TRUE,53.6,,,65,Sand,0.245,47.24,434.8
442.9,301,1525,TRUE,35.7,114.3,14.1,46,Shale,0.151,3.76,10.64
114.4,1172,1885,TRUE,53.6,,,60,Shale-Sand,0.055,1.79,12.12
520.2,122,964.1,FALSE,,177.8,,33,Sand,0.083,3.51,0.87
196.5,522,4018,TRUE,69.9,,,,Shale,0.176,6.46,7.22
441.2,547,2297,TRUE,25.3,114.3,17.3,,Sand,0.139,2.41,6.37
491,306,1370,FALSE,35.7,139.7,20.8,40,Sand,0.012,1.77,0
569.5,397,887,FALSE,,114.3,,30,Shale,0.19,1.02,46.48
522,217,1041,FALSE,25.3,114.3,14.1,25,Shale,0.167,1.49,5.6
357.5,296,2514,FALSE,35.7,139.7,25.3,149,Shale,0.215,1.65,17.52
505.1,552,610,FALSE,25.3,114,14.1,23,Shale,0.135,2.72,7.14
54.3,732,4026,TRUE,53.6,,,,Sand,0.107,2.89,0
367.4,445,1790,FALSE,35.7,139.7,20.8,57,Shale,0.219,5.42,33.11
80.7,1071,2139.7,TRUE,,177.8,23.1,73,Sand,0.111,2.57,0
500.7,409,1124,TRUE,35.7,114.3,14.1,36,Shale,0.015,0.58,0
606.1,463,681,FALSE,48.1,177.8,25.3,28,Shale,0.198,14.06,60.05
573.7,187,1309,TRUE,49.6,,,,Sand,0.112,1.83,10.78
410.6,529,1402.7,FALSE,,177.8,,40,Shale,0.244,10.94,166.6
389.2,463,2024,FALSE,,177.8,17.3,53,Sand,0.141,3.01,12.77
464.9,186,1418.8,FALSE,,114.3,,38,Sand,0.14,2.68,33.07
539.4,479,805,FALSE,,114.3,,32,Shale,0.034,0.91,0
481.8,647,548.6,FALSE,,114.3,,23,Shale,0.088,10.53,0
362.4,576,1100,TRUE,35.7,139.7,20.8,33,Shale,0.195,4.42,59.7
508.2,143,1139.3,FALSE,,114.3,,28,Shale-Sand,0.211,1.04,0.03
573.6,596,499,TRUE,53.6,177.8,34.2,21,Sand,0.291,6,12.7
486,218,1262,FALSE,,114.3,,36,Shale,0,0.25,0
610,423,705,FALSE,48.7,177.8,34.2,28,Shale-Sand,0.192,9.91,35.74
621.7,593,321,TRUE,53.6,177.8,34.2,,Shale,0.091,1.72,0
328.6,299,2440,FALSE,35.7,139.7,25.3,67,Shale-Sand,0.024,0.5,0
109.1,936,2607,FALSE,53.6,177.8,38.7,72,Sand,0.238,2.68,27.78
490.3,248,1275,TRUE,35.7,139.7,20.8,,Shale,0.149,4.12,17.55
593.5,532,646,FALSE,,177.8,,,Sand,0.152,1.94,9.04
430.6,369,1559,FALSE,,114.3,,40,Sand,0.105,0.86,0
238.6,751,568,FALSE,35.7,139.7,20.8,28,Shale,0.061,0.44,0
518.7,164,773,TRUE,,114.3,13.1,,Shale,0.244,10.01,116.78
530,147,1174,TRUE,35.7,139.7,20.8,29,Shale,0.088,0.65,0
451.7,541,970.2,FALSE,,177.8,,31,Sand,0.097,3.87,0
99.5,1067,1910,FALSE,35.7,139.7,25.3,72,Sand,0.169,1.13,0
613.4,452,678,FALSE,25.3,114.3,14.1,17,Shale,0.05,3.07,11.92
495.7,379,1228,FALSE,,114.3,,42,Shale,0.135,7.16,36.24
337.4,352,2545,FALSE,,139.7,,62,Shale,0.186,13.42,105.63
137.6,767,1685,FALSE,35.7,139.7,20.8,55,Shale,0.201,9.45,68.82
460.2,344,1628.9,FALSE,,177.8,,,Sand,0.289,33.41,1043.27
357.4,342,2296.7,FALSE,,139.7,,58,Shale,0.25,41.92,322.6
131.3,1139,1569.1,TRUE,,177.8,,54,Shale-Sand,0.037,0.59,0
508.4,253,1196.3,FALSE,,114.3,,33,Shale,0.157,1.29,52.8
179.6,539,2715,TRUE,53.5,177.8,38,78,Shale,0.214,16.29,17.53
591.9,528,654,FALSE,,177.8,,22,Shale-Sand,0.107,4.23,4.94
315.3,378,2093.1,FALSE,,114.3,,54,Shale,0.048,1.15,0
397.4,407,1657,FALSE,35.7,139.7,23.1,49,Shale,0.126,4.22,30
551,313,1115.6,FALSE,,114.3,,35,Shale,0.052,0.23,0
537.7,695,537,FALSE,25.3,114.3,14.1,23,Shale,0.149,1.54,0
84.7,726,1950,FALSE,,139.7,,71,Sand,0.106,2.89,7.28
530.1,142,1012,FALSE,,139.7,,29,Shale-Sand,0.167,5.16,46.01
524.6,213,539,FALSE,,114.3,,,Shale,0.159,7.47,11.84
481.9,139,1363,TRUE,25.3,114.3,14.1,,Shale,0.11,0.44,0
634,526,538,FALSE,48.1,177.8,29.8,25,Shale,0.184,2.44,12.07
72.9,784,295.5,FALSE,25.3,114.3,14.1,22,Shale,0,0.66,0
116.6,1092,1947,FALSE,,177.8,,73,Shale,0.101,3.13,1.42
136.3,982,1569,TRUE,48.1,,,,Shale-Sand,0.292,9.56,198.75
601.5,582,526,TRUE,48.1,177.8,34.2,23,Shale-Sand,0.224,5.72,98.4
79.9,766,1067,FALSE,35.7,139.7,25.3,36,Shale,0.194,3.98,35.18
282.4,419,3114,FALSE,59.5,139.7,25.3,83,Shale,0.135,1.98,0
598.5,118,467,FALSE,,114.3,,22,Shale,0.292,73.8,392.49
572.5,453,749,FALSE,35.7,139.7,20.8,25,Shale,0.022,1.12,0
129.7,1127,1585,FALSE,,114.3,,63,Sand,0.241,27.18,108.09
448.7,530,1023,TRUE,35.7,139.7,20.8,39,Shale,0.11,0.93,0.03
571.8,431,776.5,FALSE,,139.7,,26,Sand,0.23,7.95,76.02
584.2,104,660.2,FALSE,,114.3,,28,Shale,0.21,6.72,69.15
609.9,344,857,FALSE,,114.3,,31,Shale,0.088,3.85,0
526.5,261,1131,FALSE,35.7,114.3,14.1,35,Shale,0.153,5.55,17.94
127.9,1088,1953,TRUE,59.4,139.7,23.1,,Sand,0.131,2.74,0
581.2,126,490,FALSE,,177.8,,,Shale,0,0.12,0
89.6,718,1958,FALSE,35.7,139.7,23.1,58,Shale,0.188,12.89,13.01
107.8,1089,1902,TRUE,81.1,139.7,23.1,70,Shale-Sand,0.052,0.41,0
346.7,311,3390,TRUE,41.7,114.3,17.3,,Sand,0.141,1.53,33.17
271.1,465,4305,TRUE,53.6,,,,Sand,0.181,4.44,32.57
506.5,425,1025,FALSE,25.3,114.3,13.1,,Shale,0.274,4.42,44.08
278.1,486,1742,FALSE,35.7,139.7,25.3,47,Shale-Sand,0.133,1.05,0.32
453.5,279,1697.7,FALSE,,177.8,,,Sand,0.082,1.66,0
621.3,595,455,TRUE,48.1,177.8,29.8,27,Sand,0.262,8.87,121.89
527.8,162,1014,FALSE,25.3,114.3,14.1,28,Shale,0,2.21,0
638,459,1442,TRUE,62.5,,,,Sand,0.11,4.25,0
104.1,1084,525,FALSE,25.3,114.3,14.1,,Shale,0.035,2.29,5.93
525,174,1044,FALSE,35.7,139.7,20.8,29,Sand,0.18,2.52,39.78
313.4,309,2847,TRUE,53.6,177.8,38.7,76,Shale,0.244,8.46,39.74
234.7,552,2350,FALSE,41.6,177.8,25.3,60,Shale,0.051,0.31,0
595.8,516,682,TRUE,48.1,177.8,29.8,26,Sand,0.037,0.46,0
618.3,621,700,TRUE,,177.8,34.2,,Sand,0.103,1.59,0
580.5,440,602,FALSE,25.3,114.3,14.1,,Shale,0.192,14.49,82.77
343.2,383,6363,TRUE,60.3,139.7,38.7,,Sand,0.239,3.19,12.26
431.7,390,1785,FALSE,35.7,139.7,23.1,51,Sand,0.24,9.72,153.34
538.4,156,994.9,FALSE,,114.3,,30,Sand,0,0.42,0
317.6,241,3846,TRUE,,177.8,,79,Shale,0.148,4.11,153.27
500.8,600,612,FALSE,,177.8,,27,Shale,0.159,2.57,0
368.2,427,1910,FALSE,53.6,139.7,23.1,55,Shale,0.235,2.67,17.38
587.3,606,496.8,FALSE,,114.3,,29,Shale,0.204,1.77,27.63
595.4,630,587,TRUE,,177.8,34.2,,Shale-Sand,0.037,1.13,0
285.3,406,3060,FALSE,53.6,139.7,25.3,85,Shale,0.215,1.61,12.25
319.6,783,1827.3,TRUE,,177.8,,49,Sand,0.153,3.45,7.32
106.3,1090,2673,TRUE,53.6,,,94,Shale,0.358,94.51,2036.02
174.7,524,4578,TRUE,53.6,114.3,20.1,,Shale,0.055,1.01,0
496.5,88,1112,TRUE,48.1,139.7,23.1,33,Sand,0.047,5.99,0.01
563.7,70,984.5,FALSE,,114.3,,31,Shale,0.168,2.44,0.01
107,1166,1864,FALSE,48.1,177.8,38.7,75,Sand,0.122,2.97,0
346.3,440,1790,FALSE,,139.7,,51,Shale-Sand,0,0.37,0
464.1,233,1461.5,FALSE,,139.7,,41,Shale-Sand,0.168,8.89,6.44
366,572,1113,FALSE,35.7,139.7,20.8,40,Shale-Sand,0.201,3.3,6.37
107.6,863,2406,FALSE,48.1,139.7,25.3,70,Shale,0.047,2.73,0
545.5,169,473.7,FALSE,,114.3,,22,Shale,0.119,2.19,1.18
549.4,128,355,FALSE,25.3,114.3,14.1,,Shale,0.114,0.48,0.02
146.5,1148,1625,TRUE,25.3,177.8,,70,Shale,0.191,11.1,302.27
510.4,174,867,TRUE,,114.3,14.1,,Shale,0.078,0.77,0
468.2,434,1211.6,FALSE,,114.3,,37,Shale,0.237,8,21.84
587.8,475,597,FALSE,48.1,177.8,25.3,27,Sand,0.202,1.99,1.63
530.6,501,762,FALSE,,114.3,,26,Shale,0.05,0.46,0
471.4,264,1255,TRUE,35.7,139.7,20.8,35,Shale,0.187,12.97,86.83
341.3,370,2318,FALSE,,139.7,,54,Sand,0,0.47,0
345.5,704,2084,TRUE,,,,,Sand,0.14,3.45,1.66
202.7,497,2390,TRUE,35.7,114.3,17.3,74,Shale,0.053,1.94,0
118.5,590,4371,TRUE,53.6,114.3,17.3,,Shale,0.101,0.93,0
626.5,347,687.6,FALSE,,177.8,,,Shale,0.223,8.9,157.03
502.1,553,659.9,FALSE,,114.3,,27,Shale,0.207,23.78,100.26
348.2,553,1366,FALSE,,114.3,,44,Shale,0.152,2.45,0
433.2,655,599,FALSE,35.7,114.3,14.1,20,Shale,0.102,0.42,0
624.1,351,860,FALSE,35.7,139.7,20.8,31,Shale,0.311,9.93,177.29
31.2,696,3090,TRUE,53.6,,,100,Shale-Sand,0.036,0.77,0
492.5,308,1370,FALSE,35.7,139.7,20.8,43,Sand,0,1.18,0
495.3,85,1180,TRUE,35.7,139.7,20.8,30,Sand,0.016,0.98,0
617.9,533,500,TRUE,48.1,177.8,25.3,29,Shale,0.088,0.74,0
386,350,1967,TRUE,,139.7,,57,Shale,0.205,2.37,27.78
622.4,206,701,FALSE,,139.7,,23,Shale,0.159,3.12,5.58
518.7,398,1135,FALSE,35.7,139.7,20.8,29,Sand,0.163,5.77,2.42
332.8,599,1168,TRUE,25,114.3,14.1,46,Shale,0.145,1.07,0
123,1101,1613,TRUE,,,,72,Sand,0.28,5.36,50.95
633.4,432,472,FALSE,25.3,114.3,14.1,,Shale,0.098,1.4,0
601.2,131,496,TRUE,25.3,114.3,14.1,,Shale,0.184,10.2,33.34
553,372,975,FALSE,35.7,139.7,20.8,29,Shale,0.182,3.98,0.93
646.4,352,802.8,FALSE,,139.7,,,Shale-Sand,0.105,1.05,0
634.1,460,677,TRUE,48.1,177.8,25.3,25,Sand,0.075,1.42,0
573,596,831,TRUE,53.6,177.8,34.2,27,Shale-Sand,0.101,1.25,0
292.2,461,1748,FALSE,,139.7,,47,Sand,0.143,0.93,5.59
566.5,261,1055,FALSE,35.7,139.7,20.8,31,Shale,0.097,1.54,0
533.6,393,908.3,FALSE,,177.8,,34,Sand,0.22,0.7,33.58
608,458,680,FALSE,,177.8,,24,Shale-Sand,0.046,0.44,0
574.5,602,635,TRUE,48.1,177.8,29.8,23,Shale,0.255,10.21,319.83
524.7,97,942,FALSE,35.7,139.7,20.8,31,Sand,0.194,2.97,10.57
461.1,621,621.3,FALSE,25.3,114.3,14.1,33,Shale,0.223,10.49,32.13
114.4,1074,1904,FALSE,,177.8,17.3,41,Sand,0.123,0.8,23.08
46.6,779,2230,TRUE,41.7,139.7,23.1,14,Shale,0.152,4.4,17.53
351.4,443,1775,FALSE,,139.7,,63,Sand,0.061,2.35,0
395.9,480,1638.9,FALSE,,177.8,,,Sand,0.084,1.87,0
628.6,340,856,FALSE,35.7,139.7,20.8,27,Shale,0.161,3.84,19.23
385.4,453,2133.3,TRUE,,177.8,,71,Sand,0.106,3.25,0
636.5,122,489.2,FALSE,,114.3,,,Shale,0.109,0.84,0
594.8,96,567,FALSE,25.3,114.3,14.1,,Shale,0.103,1.61,0
475.1,116,1157,FALSE,,139.7,,30,Shale-Sand,0.216,0.88,27.55
640.1,499,510,TRUE,48.1,177.8,25.3,30,Shale-Sand,0.044,2.64,0.55
439.8,339,1875,FALSE,35.7,139.7,25.3,53,Sand,0.156,0.72,0
505.2,290,1260,FALSE,29.8,114.3,13.1,35,Shale-Sand,0.129,3,4.97
395.4,486,1617.9,FALSE,,177.8,,,Sand,0.074,2.8,0
174.7,547,2098,FALSE,35.7,139.7,25.3,64,Shale,0.096,1.52,0.2
616.2,589,519,TRUE,48.1,177.8,29.8,26,Sand,0.155,3.94,9.38
203.5,495,4545,TRUE,60.3,,,,Shale,0,0.85,0
521.7,107,944.9,FALSE,,177.8,,37,Shale,0.068,1.72,0
348.5,362,2298,FALSE,48.1,139.7,25.3,61,Shale,0.158,6.1,13.01
452.6,568,830,FALSE,,114.3,,31,Shale,0.155,6.73,10.06
532.6,475,755,FALSE,25.3,114.3,14.1,,Shale,0.193,0.91,7.09
611.7,529,632,TRUE,35.7,139.7,20.8,29,Shale-Sand,0.213,9.02,108.07
111.6,1169,1927,FALSE,,177.8,,70,Sand,0.204,28.2,17.81
367.4,289,2715,TRUE,53.6,177.8,38.7,68,Shale,0.116,2.46,20.74
494.5,85,1094,TRUE,35.7,139.7,20.8,34,Sand,0.155,5.83,36.98
332.1,400,2288,FALSE,53.6,139.7,23.1,62,Shale,0.201,17.68,442.89
320.7,236,3782,TRUE,595,177.8,38.7,,Shale,0.174,3.73,31.82
481.7,421,1105,FALSE,35.7,139.7,20.8,42,Shale,0.196,3.73,59.98
383.5,451,2164.1,TRUE,,177.8,,66,Sand,0.139,2.55,16.53
606.9,449,643.1,FALSE,,177.8,,28,Sand,0.164,0.83,0.12
537.3,665,478.5,FALSE,,114.3,,32,Shale,0.047,0.39,0
496.6,542,705,FALSE,25.3,114.3,15.6,23,Shale,0.145,0.98,16.4
546.2,423,813.8,FALSE,,114.3,,29,Shale,0.16,1.98,41.93
373.7,568,1100,FALSE,35.7,139.7,20.8,38,Shale,0.251,4.47,160.31
437.7,246,887,TRUE,25.3,114.3,14.1,,Shale,0.176,2.19,58.1
529.6,366,879.3,FALSE,,114.3,,36,Shale,0.083,0.26,0
607.5,489,615,FALSE,48.1,,,,Shale,0.146,1.44,2.08
595.7,518,668,TRUE,48.1,177.8,25.3,25,Sand,0.15,0.56,0
453.3,531,952,FALSE,48.1,139.7,20.8,30,Shale-Sand,0.184,15.51,43.77
621.3,616,488,TRUE,,177.8,34.2,26,Sand,0.061,1.54,0
133.9,772,2518.9,FALSE,,177.8,,73,Shale,0.159,1.54,0.05
88.8,1090,2160,TRUE,53.6,177.8,38.7,71,Sand,0.22,3.52,44.07
104.1,1165,1935.4,FALSE,,177.8,,78,Shale,0.117,0.85,4.89
542.2,418,840.3,FALSE,,114.3,,31,Shale,0.074,2.21,0
636.3,406,664.5,FALSE,,114.3,,24,Shale,0.007,0.26,0
465.5,639,524,FALSE,48.1,177.8,25.3,29,Shale,0.196,7.35,1.21
628.2,521,535,TRUE,48.1,177.8,29.8,18,Shale,0.194,3.88,12.02
427.8,205,1710,TRUE,35.7,139.7,23.1,40,Shale-Sand,0.119,1.05,0
588.4,729,417,FALSE,25.3,114.3,15.6,20,Shale,0.131,1.15,0.6
589.5,521,757,TRUE,53.6,177.8,34.2,21,Sand,0.026,1.17,0
603.3,547,642,TRUE,,177.8,34.2,26,Shale-Sand,0.161,0.92,0
80.8,785,1380,FALSE,35.7,139.7,20.8,41,Shale,0.065,0.88,0
445.5,621,694,FALSE,35.7,114.3,14.1,28,Shale,0.102,4.2,6.69
498.1,535,697,FALSE,,114.3,,40,Shale,0,0.64,0
469.8,516,961,FALSE,,114.3,,33,Shale,0.114,0.32,0
142.7,1155,1562.1,TRUE,,177.8,,54,Shale-Sand,0.199,3.49,39.78
587.5,540,417,FALSE,,139.7,,21,Shale,0.036,0.84,0
536.1,234,1052,FALSE,,139.7,20.8,33,Shale-Sand,0.141,1.24,12.52
597.3,597,425,FALSE,53.5,177.8,34.2,25,Shale-Sand,0.244,4.07,52.68
461.7,530,1418,TRUE,48.1,,,,Sand,0.074,0.5,0
181.5,535,4115,TRUE,53.6,,,,Shale,0.086,2.19,0
624,508,586,TRUE,48.1,177.8,38.7,26,Sand,0.126,3.85,21.12
599,463,664.5,FALSE,,114.3,,27,Shale,0.129,17.57,53.16
320.3,468,1436.8,FALSE,,139.7,,41,Sand,0.134,3.5,2.02
555.8,444,751,FALSE,35.7,139.7,20.8,28,Sand,0.15,3.72,36.88
440.7,555,995.2,FALSE,,177.8,,32,Sand,0.171,6.15,8.65
537.1,234,1073.7,FALSE,,114.3,,31,Sand,0.191,8.78,86.72
291.1,431,1581.5,FALSE,35.7,139.7,25.3,,Shale,0.078,0.13,0.01
473,113,1160,FALSE,,114.3,,34,Shale,0.162,2.73,7.28
623,335,948,FALSE,35.7,114.3,14.1,30,Shale,0.043,0.31,5.08
383.3,266,2155,FALSE,35.7,139.7,23.1,63,Shale,0.267,8.76,66.77
553.3,101,1078,TRUE,35.7,139.7,20.8,33,Sand,0.263,4.8,239.38
510.1,133,1034,FALSE,35.7,139.7,20.8,34,Shale,0.209,2.27,29.03
132.2,1137,1539.2,TRUE,,177.8,,53,Sand,0.001,0.26,0
451.8,284,353,FALSE,25.3,114.3,14.1,,Shale,0.171,3.66,8.76
489,300,3062,TRUE,53.6,,,,Sand,0.081,1.17,0
324.9,444,1574.5,FALSE,,139.7,,58,Shale-Sand,0.019,6.67,0
609.8,524,501,FALSE,48.7,177.8,34.2,26,Sand,0.155,1.54,0
578.7,723,485,FALSE,35.7,139.7,20.8,25,Shale,0.051,1.32,0
479.9,465,1040,FALSE,,114.3,,32,Shale,0.11,2.14,0
328.3,385,1911.1,FALSE,,114.3,,47,Sand,0.111,0.97,0
131.1,1134,1641,FALSE,,,,69,Sand,0.153,3.93,27.87
386.2,185,1288,FALSE,35.7,139.7,20.8,30,Shale,0.09,2.86,3.18
621.8,618,902,TRUE,,177.8,34.2,,Sand,0.051,0.99,0
424.4,321,1630,FALSE,53.6,139.7,23.1,52,Shale,0.291,21.37,943.82
494.9,49,1012.5,FALSE,,114.3,,31,Sand,0.263,12.21,80.91
525.6,379,1040,TRUE,35.7,139.7,23.1,32,Shale-Sand,0.063,0.73,0
557,164,1003,TRUE,35.7,139.7,25.3,34,Sand,0.239,17.26,116.04
19.7,712,2495,FALSE,,139.7,,77,Shale,0.156,18.04,54.78
302.6,394,2115,FALSE,35.7,139.7,23.1,62,Sand,0.171,3.96,32.95
374.6,357,810,FALSE,25.3,114.3,14.1,28,Shale,0.177,0.86,0
413.5,592,914,FALSE,35.7,114.3,14.1,31,Shale,0.293,13.39,158.28
205.3,552,2925,TRUE,35.7,139.7,25.3,75,Shale,0.107,0.91,0
643.5,285,890,FALSE,35.7,139.7,20.8,28,Shale,0.08,0.59,0
532.9,153,999,FALSE,,139.7,,29,Shale,0.174,1.7,47.44
591.7,495,659,FALSE,48.1,177.8,29.8,29,Shale,0.302,16.33,84.1
368.1,616,952,FALSE,35.7,114.3,14.1,35,Shale,0.092,0.5,0
541.3,316,1124,FALSE,29.8,114.3,14.1,34,Shale,0.147,11.82,23.46
606.1,43,1085,FALSE,35.7,139.7,23.1,30,Shale-Sand,0.142,8.35,22.01
133.9,1131,1605,TRUE,53.6,,,55,Sand,0.135,0.3,0
347.7,875,1530,FALSE,62.5,,,40,Shale,0.251,4.49,159.3
454.7,369,1692,TRUE,48.1,177.8,34.2,53,Shale-Sand,0.137,2.06,8.55
591.5,478,575,FALSE,35.7,139.7,20.8,27,Shale,0.134,0.68,3.23
495.6,86,1065,TRUE,35.7,139.7,20.8,35,Shale,0.137,0.79,0.16
420.4,329,1672,FALSE,35.7,114.3,14.1,,Shale,0.277,21.54,286.47
505.4,547,666,FALSE,,114.3,,28,Shale,0.137,6.26,0.05
637.7,463,674,TRUE,53.6,177.8,34.2,25,Shale,0.237,12.8,438.71
221.2,547,1332,TRUE,35.7,139.7,20.8,,Sand,0.228,5.89,74.35
634.5,530,2233,TRUE,62.5,,,,Sand,0.059,0.24,0
541.9,157,1005,FALSE,,114.3,,27,Shale,0.13,1.53,33.72
313.7,425,2808,TRUE,53.6,,,78,Shale,0.209,19.69,18.6
149.9,926,731.5,FALSE,,114.3,,29,Shale,0.199,0.91,0.01
347.3,346,1825,FALSE,35.7,139.7,23.1,44,Shale-Sand,0.063,1.81,0
495.3,85,1035,TRUE,35.7,139.7,20.8,34,Shale-Sand,0.044,0.64,0
642.4,460,667,FALSE,48.1,177.8,29.8,30,Sand,0.112,0.52,0
589.4,470,619,FALSE,,139.7,,23,Shale,0.141,17.52,74.95
622.1,583,498,FALSE,35.7,139.7,20.8,27,Shale,0.149,6.94,90.82
616.4,530,676,TRUE,35.7,139.7,20.8,,Shale-Sand,0.036,0.13,0
617.9,588,519,TRUE,48.1,177.8,38.7,26,Shale,0.131,4.18,0
460.2,254,1448,FALSE,35.7,139.7,20.8,41,Shale-Sand,0.178,5.17,188.68
124.8,1093,1720.9,FALSE,,177.8,,73,Shale-Sand,0.159,1.48,5.85
534.7,436,944.3,FALSE,,114.3,,33,Shale,0.137,1.63,0.13
270.8,461,3999,TRUE,35.7,114.3,22.5,,Shale,0.125,0.76,0
625.1,385,792.5,FALSE,,114.3,,23,Sand,0.155,1.99,6.73
511.4,93,984,TRUE,35.7,139.7,20.8,27,Shale-Sand,0.196,0.85,0.05
290.8,480,1695.3,FALSE,,139.7,,,Sand,0.048,1.15,0
321.7,471,1409.7,FALSE,,114.3,,44,Sand,0.158,3.45,7.27
188.4,619,5790,TRUE,53.6,114.3,22.5,,Shale,0.194,4.03,0.39
361.7,582,1141,FALSE,35.7,139.7,20.8,32,Shale,0.25,37.29,188.71
169.8,597,2503,FALSE,35.8,139.7,25.3,74,Shale,0.319,12.23,130.42
609,448,710,TRUE,48.1,177.8,29.8,26,Sand,0.208,4.43,32.92
584.4,344,970,FALSE,35.7,139.7,20.8,30,Shale,0.131,0.86,36.88
494.1,187,607,FALSE,,114.3,14.1,,Shale,0.268,26.37,313.2
529.7,105,931,FALSE,35.7,139.7,20.8,33,Sand,0.135,1.74,0.01
451.4,532,960,TRUE,35.7,139.7,20.8,22,Shale-Sand,0.321,17.49,309.88
354.9,871,1525,FALSE,62.5,,,42,Sand,0.192,17.54,21.81
489.8,580,676.7,FALSE,,139.7,,37,Shale,0.024,1.31,1.38
599.4,543,649,TRUE,48.1,177.8,34.2,25,Sand,0.251,31.88,530.57
350.6,362,2272,FALSE,35.7,139.7,25.3,60,Shale-Sand,0.287,4.12,70.39
553.2,101,1048,TRUE,35.7,139.7,20.8,26,Shale,0.018,0.21,0
295.1,873,1587,FALSE,53.6,139.7,20.8,34,Shale-Sand,0.159,10.33,5.27
38.3,781,4125,TRUE,,139.7,29.8,,Sand,0.058,0.36,0
618.3,494,642,FALSE,,177.8,,32,Shale,0.195,4.11,0
352.3,330,2139,FALSE,,139.7,,50,Sand,0.227,8.3,188.91
602.4,547,674,TRUE,,177.8,34.2,26,Sand,0.215,41.84,158.89
12.7,687,2958,FALSE,,139.7,,81,Shale,0.16,3.12,0.17
597.2,595,445,TRUE,53.6,177.8,34.3,22,Shale,0.134,1.49,1.21
584.4,449,647,FALSE,48.1,177.8,29.8,29,Shale-Sand,0.042,0.93,0
630.8,535,615,FALSE,48.1,177.8,29.8,20,Sand,0.133,1.13,0
291.6,483,2797,TRUE,53.6,177.8,38.7,62,Shale,0.118,1.02,0
396.4,483,1625.1,FALSE,,177.8,,71,Shale-Sand,0.148,3.74,5.9
581.9,797,1514,TRUE,81.1,,,,Sand,0.26,7.97,9.03
637.2,408,1523,TRUE,48.1,,,,Sand,0.141,7.54,22.01
382.2,182,2710,FALSE,,177.8,,60,Shale,0.009,0.26,0
85.6,614,3444,TRUE,59.5,114.3,17.3,,Shale,0.4,14.49,3425.53
592.6,534,627,FALSE,,177.8,,23,Shale,0.043,1.46,0
575.9,603,611,TRUE,48.1,177.8,29.8,23,Sand,0.044,0.66,0
444.5,543,1008,FALSE,,177.8,,33,Sand,0.204,9.91,114.75
44,834,1371,FALSE,,114.3,,57,Shale,0.158,5.58,42.93
518.3,180,1042.7,FALSE,,114.3,,37,Shale,0.109,1.74,0
535.2,203,685,FALSE,,114.3,,,Shale,0.211,5.14,36.13
535.7,426,899.2,FALSE,,114.3,,31,Shale,0.133,8.13,2.01
176.4,558,3950,TRUE,81.1,,,126,Shale,0.07,0.28,0
593.9,518,735,TRUE,53.6,177.8,34.2,30,Sand,0.07,1.01,0
534.3,177,1079,FALSE,35.7,139.7,20.8,34,Shale-Sand,0.088,0.79,0
87.2,722,1950,FALSE,35.7,139.7,23.1,61,Shale-Sand,0.07,0.55,0
571.8,598,445,FALSE,53.6,177.8,34.2,18,Sand,0.084,1.01,0
107.7,1161,1835,FALSE,48.1,,,71,Shale-Sand,0.164,2.36,0.55
510,143,1072,FALSE,,114.3,,32,Shale,0.065,0.71,0
608.7,512,684,TRUE,48.1,177.8,34.2,25,Sand,0.152,1.68,0
588.5,596,578,TRUE,48.1,177.8,25.3,,Shale,0.293,8.97,216.46
308.8,451,1564.5,FALSE,,177.8,,49,Shale,0.011,1.19,0
528.6,494,806.2,FALSE,,114.3,,27,Shale,0.089,1.02,11.88
519.4,172,1062,TRUE,35.7,139.7,20.8,26,Shale-Sand,0.112,1.54,0
144.8,1141,1473.4,FALSE,,177.8,,62,Sand,0.111,0.43,0
455.1,377,1396,FALSE,,114.3,,35,Shale,0.085,4.25,0
615.3,491,700,TRUE,,177.8,,,Shale-Sand,0.151,3.85,5.82
81.1,961,2400,TRUE,62.5,177.8,38.7,84,Shale,0.108,0.62,0
612.5,590,479,TRUE,48.1,177.8,29.8,25,Shale,0.194,4.46,42.39
643.5,404,666.9,FALSE,,114.3,,30,Shale-Sand,0.097,1.84,7.26
314.6,370,2135,FALSE,,114.3,,54,Sand,0.104,3.23,0
617.6,621,597,TRUE,60,177.8,34.2,23,Sand,0.172,6.46,62.79
618.5,612,1702,TRUE,81.1,,,,Shale,0.177,27.96,37.58
607.1,532,689,TRUE,53.6,177.8,34.2,,Shale-Sand,0.135,0.89,7.59
637.9,401,645,FALSE,35.7,139.7,20.8,26,Sand,0.115,2.96,19.44
465.8,415,1335,TRUE,35.7,114.3,14.1,40,Shale,0,0.7,0
497.1,614,560.5,FALSE,35.7,114.3,14.1,25,Shale,0.143,1.04,25.15
519.6,227,1083,FALSE,25.3,114.3,14.1,25,Shale,0.153,3.96,21.84
129.8,1138,1615.4,TRUE,14.1,177.8,,69,Sand,0.086,0.6,0
522.3,97,935,FALSE,35.7,139.7,20.8,30,Shale,0.159,1.81,35.68
511.1,526,677,FALSE,25.3,114.3,14.1,20,Shale,0.247,9.24,133.57
535.9,103,937,FALSE,,139.7,,33,Sand,0.162,7.73,8.76
430.3,368,1503,TRUE,35.7,139.7,23.1,45,Shale-Sand,0.185,6.12,30.72
619.4,620,566.9,FALSE,,114.3,,30,Shale,0.184,4.39,26.78
525.4,101,928,FALSE,,139.7,,36,Sand,0.311,23.72,535.45
151.1,1135,1501.4,FALSE,,177.8,,49,Shale-Sand,0.371,21.53,2500.4
586.1,599,584,TRUE,48.1,177.8,29.8,,Shale,0.116,1.57,0.51
438.6,634,614,TRUE,35.7,114.3,14.1,28,Shale,0.152,1.75,7.33
535.9,441,909.8,FALSE,,114.3,,32,Shale,0.169,7.23,27.35
298.4,400,2141,FALSE,,139.7,,55,Sand,0.174,7.84,29.74
309.5,841,1370,FALSE,53.6,,,34,Sand,0.105,1.73,23.38
317.3,849,1451.5,FALSE,,139.7,,40,Sand,0.137,1.52,0.03
626.2,339,857,FALSE,53.6,139.7,20.8,28,Shale,0.086,0.97,0.01
599.2,518,670,TRUE,53.6,177.8,34.2,,Sand,0.021,1.49,0
536.7,149,987,FALSE,,114.3,,31,Shale-Sand,0.239,3.05,33.16
594.3,530,630,FALSE,,177.8,,27,Shale-Sand,0.15,4.41,8.41
292.7,470,1743.5,FALSE,,139.7,,46,Sand,0.16,3.7,0
399.7,505,1588,FALSE,,,,62,Sand,0.182,3.67,70.37
496.6,125,1430,TRUE,35.7,139.7,23.1,32,Sand,0.01,0.28,0
545.2,509,763,FALSE,25.3,114.3,17.3,32,Shale,0.255,6.59,186.01
488.1,569,683.7,FALSE,,114.3,,,Shale,0.108,0.13,0
589.7,528,915.5,TRUE,60.3,177.8,34.2,25,Shale-Sand,0.085,2.21,0
612.1,489,728,TRUE,53.6,177.8,34.2,27,Shale,0.182,3.43,99.19
632.7,524,523,FALSE,48.1,177.8,29.8,31,Sand,0.138,3.17,0.98
645.5,311,924,FALSE,35.7,139.7,20.8,31,Shale,0.171,2.39,26.95
542.3,146,1005,TRUE,35.7,139.7,20.8,31,Sand,0.073,1.26,11.98
336,395,1900,TRUE,35.7,139.7,23.1,51,Shale,0.055,0.46,0
641.6,291,905,TRUE,35.7,139.7,20.8,,Shale,0.086,2.68,7.02
280,476,1749.6,FALSE,,139.7,,,Shale-Sand,0.142,1.67,0.05
484.2,360,1306,FALSE,35.7,139.7,20.8,38,Shale,0.146,4.45,6.41
317.8,450,1599,FALSE,,114.3,,42,Shale,0.142,5.39,52.58
493,589,710,FALSE,,114.3,,27,Shale,0.134,1.41,10.57
540.8,469,760,FALSE,35.7,114.3,14.1,24,Shale,0.12,1.63,0
305.9,796,1764,TRUE,35.7,139.7,20.8,41,Sand,0.13,1,0
479.2,377,1300,FALSE,25.3,114.3,14.1,30,Shale,0.175,13.2,32.58
547.3,251,1045,FALSE,35.7,114.3,14.1,34,Shale,0.107,3.94,0
636.6,525,523,FALSE,48.1,177.8,25.3,,Shale,0.157,1.9,170.58
302.7,501,1941,TRUE,35.7,139.7,23.1,52,Shale,0.129,2.57,26.8
577.6,610,722.5,TRUE,48.1,177.8,25.3,15,Sand,0.111,3.96,17.38
323.3,444,1602.5,FALSE,,139.7,,51,Shale,0.083,0.55,0
421.2,294,1673.4,FALSE,,114.3,,43,Shale-Sand,0.059,0.65,0
581.2,518,669,FALSE,48.1,177.8,25.3,27,Shale-Sand,0.129,2.59,0
39.5,777,1987,TRUE,35.7,139.7,29.8,,Shale,0.145,5.74,0
465.4,214,1386,FALSE,,114.3,,38,Shale,0,0.23,0
589.8,521,704,TRUE,53.6,177.8,34.2,14,Shale,0.083,2.26,0
483.6,366,1300,FALSE,35.7,139.7,20.8,44,Shale,0.259,8.8,159.96
290.9,560,1745,FALSE,35.7,139.7,23.1,51,Shale,0.001,0.31,0
138.8,1131,1460,FALSE,53.6,177.8,34.2,57,Shale,0.055,0.64,0.96
175.6,644,2022,TRUE,35.7,139.7,25.3,58,Shale,0.183,3.12,0.05
639.1,532,697,TRUE,53.6,177.8,34.2,28,Sand,0.031,0.24,0
389.5,266,2344.5,FALSE,,177.8,,36,Shale,0.027,0.16,0
576.5,434,764.1,FALSE,,114.3,,29,Shale,0.117,0.62,0.14
214.2,622,1810,FALSE,,139.7,,66,Shale,0,0.26,0
605,448,659.9,FALSE,,177.8,,29,Shale-Sand,0.193,3.79,0.45
557.4,406,805,FALSE,35.7,114.3,14.1,29,Shale,0.065,1.43,0
542.1,565,783,FALSE,,114.3,,37,Shale,0.078,1.19,0
608.6,36,1077,FALSE,35.7,139.7,20.8,28,Shale,0.105,1.28,6.51
78.5,852,1310,FALSE,35.7,139.7,23.1,50,Shale,0.165,10.38,70.11
592.8,601,679,TRUE,48.1,177.8,25.3,22,Sand,0.221,14.94,91.48
552.6,444,770,FALSE,35.7,139.7,20.8,27,Shale-Sand,0.205,2.77,0.01
595.4,477,757,TRUE,53.6,177.8,34.2,20,Sand,0.112,1.31,0
451.2,533,918,FALSE,48.1,177.8,34.2,30,Shale-Sand,0.196,7.79,0.57
648.8,176,539.5,FALSE,,114.3,,24,Shale,0.184,2.23,0.05
178.9,619,2533,TRUE,35.7,139.7,25.3,,Shale,0.147,7.71,0
591.1,598,683,TRUE,48.1,177.8,25.3,27,Shale,0.118,0.85,0
325.6,466,1140,FALSE,,139.7,,38,Sand,0.224,3.74,38.22
422.7,287,1677.9,FALSE,,139.7,,49,Shale,0.154,2.3,0
129.5,1136,1991,TRUE,,,,70,Shale-Sand,0.142,0.55,9.27
387,256,2259,TRUE,29.8,114.3,17.3,,Shale,0.219,10.26,33.38
556.3,443,758,FALSE,35.7,139.7,20.8,28,Sand,0.208,3.54,4.8
355.2,582,1110,FALSE,35.7,139.7,20.8,35,Shale,0.165,3.74,12.03
309.6,384,2699,TRUE,35.7,114.3,17.3,77,Shale,0.213,9.85,26.87
520.6,442,882,TRUE,25.3,114.3,14.1,15,Shale,0.075,1.37,0
607,450,605,FALSE,,177.8,,26,Sand,0.359,21.31,1150.66
639.6,257,890,FALSE,,139.7,,31,Sand,0.279,5.99,465.63
453.5,279,1697.7,FALSE,,177.8,,,Sand,0.211,12.16,130.36
457.8,329,1642,TRUE,,177.8,,,Shale-Sand,0.131,2.16,0
281.8,462,3300,TRUE,53.6,,,61,Sand,0.165,3.5,15.07
576.3,482,1923,TRUE,62.5,,,,Shale-Sand,0.132,1.5,13.02
576.8,486,711,FALSE,35.7,139,20.8,27,Shale,0.169,3.12,2.75
590.6,595,615,TRUE,48.1,177.8,25.3,10,Shale-Sand,0.15,3.95,21.82
123.4,788,1859,TRUE,35.7,139.7,25.3,,Shale,0.158,6.87,0.17
592.8,473,618.7,FALSE,,177.8,,26,Shale,0.073,1.09,0
333.7,473,1303,FALSE,,114.3,,36,Sand,0.129,1.55,0.02
603.3,594,506,FALSE,25.3,114.3,14.1,25,Shale,0.144,1.26,0.02
353.8,470,1204,TRUE,,139.7,,43,Shale,0.131,1.99,12.55
615.4,621,563,TRUE,,177.8,34.2,22,Sand,0.061,0.18,0
111.9,1102,2350,TRUE,35.7,,,81,Shale,0.226,4.65,57.61
512,507,754,FALSE,,114.3,,31,Shale,0.111,3.52,0.01
446.9,568,809,TRUE,29.8,114.3,14.1,29,Shale,0.255,5.81,52.57
198.4,513,2296,TRUE,53.6,139.7,25.3,64,Shale,0.159,7.23,30.05
387.2,463,2078.5,FALSE,53.6,177.8,34.2,59,Shale,0.136,1,0.07
435.1,556,993.6,FALSE,,177.8,,,Sand,0.2,17.21,39.19
166.2,533,3193,FALSE,35.7,114.3,20.1,104,Shale,0.17,3.45,74.46
89.5,1025,733,FALSE,25.3,114.3,15.6,29,Shale,0.135,0.35,4.92
171.1,791,2051,FALSE,,139.7,,55,Shale-Sand,0.074,2.45,0
157.2,618,1823,TRUE,35.7,114.3,17.3,13,Shale,0.062,0.91,0
594.5,529,712,TRUE,48.7,177.8,38.7,23,Shale,0.041,1.99,0
507.9,125,1430,TRUE,35.7,139.7,20.8,36,Shale-Sand,0.256,2.72,39.36
535.5,378,1670,TRUE,29.8,114.3,17.3,,Shale-Sand,0.204,8.83,80.97
553.7,442,765,FALSE,35.7,139.7,20.8,28,Sand,0.186,1.06,10.55
607.5,592,409,TRUE,48.1,177.8,29.7,21,Sand,0.05,0.66,0
457.4,109,1285,FALSE,29.8,114.3,14.1,35,Shale,0.238,12.43,47.37
271.6,492,4240,TRUE,35.7,127,34.5,,Sand,0.239,8.79,23.03
539.2,321,1140,FALSE,35.7,114.3,14.1,32,Shale,0.153,5.17,26.96
622,521,528,FALSE,48.1,177.8,29.8,26,Sand,0.302,23.78,2039.69
525.7,174,483.7,FALSE,,114.3,,29,Shale,0.272,10.52,331.9
574.9,605,579,TRUE,48.1,177.8,29.8,28,Shale-Sand,0.103,1.77,19.24
601.7,533,516,FALSE,48.1,177.8,34.2,22,Shale-Sand,0.331,16.32,482.97
148.7,1143,1445.1,FALSE,,,,59,Shale-Sand,0.165,5.44,0.66
412.5,307,1716,FALSE,,114.3,,130,Sand,0.038,2.27,0.14
523.2,428,914.4,FALSE,,114.3,,32,Shale,0.154,8.64,8.5
619.7,536,632,TRUE,48.1,177.8,29.8,21,Shale-Sand,0.205,10.55,44.08
620.6,533,552,FALSE,48.7,177.8,34.2,32,Shale,0.17,2.38,0.02
518.8,624,483.4,FALSE,,177.8,,24,Shale,0.165,4.91,0
626.6,402,660,FALSE,,139.7,,24,Sand,0.306,18.95,313.42
107.6,1088,1868,FALSE,53.6,139.7,25.3,72,Sand,0.101,1.54,0
189.7,756,2396,FALSE,35.7,139.7,23.1,,Shale-Sand,0.038,0.31,0
496.1,563,606.6,FALSE,,114.3,,,Shale,0,0.7,0
605.3,481,613,FALSE,48.1,177.8,25.3,22,Sand,0.191,2.46,10.28
523.7,171,493.8,FALSE,,114.3,,,Shale,0.033,0.9,0
556.7,447,873,TRUE,35.7,139.7,20.8,33,Sand,0.055,0.66,0
446,540,981.8,FALSE,,177.8,,30,Sand,0.206,8.51,139.53
454.1,186,1405.1,FALSE,,114.3,,39,Shale,0.084,1.21,0
449.6,535,712,FALSE,25.3,114.3,14.1,,Shale,0.109,5.91,10.16
478.5,95,1107,FALSE,,114.3,,33,Sand,0.197,16.3,2.64
118.2,1101,1903,TRUE,23.1,177.8,,79,Shale-Sand,0.057,0.28,0
492.7,88,1021,FALSE,35.7,139.7,20.8,32,Shale-Sand,0.052,1.18,0
533.3,91,955,FALSE,,139.7,,33,Sand,0.214,3.52,26.05
484.4,337,1200.9,FALSE,,114.3,,39,Shale,0.169,20.93,86.67
35.9,841,1309.1,FALSE,,114.3,,41,Shale-Sand,0.224,9.53,99.98
569.8,205,989.1,FALSE,,114.3,,33,Shale,0.018,0.91,0
483.2,215,1315,TRUE,25.3,114.3,14.1,,Shale,0.165,6.07,21.97
575.9,599,662,TRUE,53.6,177.8,34.2,25,Shale,0.139,1.83,1.44
48.6,718,5226,TRUE,59.5,,,,Shale,0.249,8.97,83.09
445.9,536,994,FALSE,,177.8,,32,Sand,0.226,6.57,72.55
394.5,274,2290,FALSE,35.7,139.7,23.1,70,Shale,0.157,11.91,52.44
304.6,325,2229.6,TRUE,,,,160,Sand,0.097,0.38,0
356.1,456,1021.1,FALSE,,114.3,,33,Shale-Sand,0.103,0.82,0
306.2,385,2141,FALSE,35.7,139.7,23.1,55,Shale,0.204,11.86,45.42
215.5,432,3744,TRUE,90.8,,,95,Shale,0.18,5.27,7.27
540.4,425,927,TRUE,35.7,139.7,20.8,33,Shale,0.109,4.4,4.76
266,594,2711.2,TRUE,,139.7,,80,Shale,0.107,2.37,0.01
105.1,1075,1913,FALSE,,,,79,Sand,0.077,0.91,0
565,286,1035,FALSE,35.7,139.7,20.8,41,Shale,0.103,0.26,0
609.8,529,639,TRUE,35.7,139.7,20.8,27,Shale-Sand,0.167,2.85,36.88
584.5,531,630,TRUE,53.6,177.8,34.2,17,Sand,0.211,6.43,46.04
181.6,675,2724,FALSE,,139.7,13.9,,Sand,0.164,0.75,0
462.3,532,874,FALSE,,114.3,,31,Shale,0.179,4.67,59.98
644.2,438,661,FALSE,48.1,177.8,25.3,25,Sand,0.061,2.31,0
596.4,497,649.2,FALSE,,114.3,,31,Shale,0.217,3.23,11.88
298.6,402,2114.7,FALSE,,114.3,,57,Shale,0.165,8.71,63.21
492,86,968,TRUE,35.7,139.7,20.8,33,Shale,0.214,18.15,70.28
614.6,617,549,TRUE,,177.8,34.2,25,Sand,0.223,15.54,126.58
450.9,541,980.5,FALSE,,177.8,,14,Sand,0.151,2.46,4.78
611,624,578,TRUE,,177.8,34.2,26,Sand,0,0.26,0
595.1,530,635,FALSE,,177.8,,23,Shale,0.25,15.79,43.45
584,449,648,FALSE,48.1,177.8,29.8,26,Shale-Sand,0.044,0.67,0
543.1,186,688,FALSE,,114.3,14.1,,Shale,0.128,1.99,0
621,536,525,FALSE,,177.8,,23,Shale-Sand,0.168,18.02,26.89
131.3,948,2195,FALSE,53.6,139.7,23.1,69,Shale,0.042,1.54,0
606.7,585,518,TRUE,,177.8,20.1,16,Shale,0,0.47,0
551.5,101,916,TRUE,35.7,139.7,20.8,36,Shale-Sand,0.061,0.62,0
399.8,326,2488,TRUE,53.6,177.8,38.7,70,Shale,0.156,7.42,0.05
318.1,849,1446.6,FALSE,,177.8,,38,Sand,0.088,0.63,0
509.1,46,902.8,FALSE,,177.8,,,Shale-Sand,0.116,2.35,0
354,356,2267,FALSE,35.7,139.7,25.3,59,Shale-Sand,0.193,4.28,41.94
415.4,177,1870,FALSE,35.7,139.7,23.1,27,Sand,0.063,3.49,10.21
479.9,382,1297,FALSE,35.7,114.3,15.6,39,Shale,0.23,7.57,43.33
455,362,1648,TRUE,,139.7,,55,Sand,0.208,27.19,155.27
492,100,1047,FALSE,,139.7,,32,Sand,0.071,0.63,0
558.4,410,801.9,FALSE,,114.3,,29,Shale,0.107,4.2,49.29
44.1,787,1895,FALSE,35.7,139.7,23.1,66,Shale,0.144,11.73,22.01
487.2,81,1033,TRUE,35.7,139.7,20.8,30,Shale,0.144,0.99,0
607.4,526,668,TRUE,48.1,177.8,25.3,14,Shale-Sand,0,0.45,0
511.1,144,1072,FALSE,,139.7,,28,Sand,0.305,28.27,1733.14
606.6,449,661.4,FALSE,,177.8,,23,Sand,0.174,5.38,8.14
535.5,788,1744,TRUE,71.4,,,28,Sand,0.185,2.79,1.22
92.5,767,1466,FALSE,35.7,139.7,20.8,51,Sand,0.23,6.26,8.74
548.3,475,749.8,FALSE,,114.3,,28,Shale,0.017,0.48,0
593.4,456,683.7,FALSE,,177.8,,26,Shale-Sand,0.332,49.75,832.45
540.9,328,1346,TRUE,25.3,114.3,14.1,,Shale,0.111,0.59,0
617.8,377,844,FALSE,35.7,139.7,20.8,27,Shale-Sand,0.292,9.95,153.43
